id,first_name,last_name,email,gender,ip_address
1,Warden,Buten,wbuten0@adobe.com,Agender,95.225.225.95
2,Gale,Gerrit,ggerrit1@so-net.ne.jp,Bigender,106.99.165.230
3,Eveline,McDugal,emcdugal2@bravesites.com,Polygender,199.82.122.93
4,Colline,Moppett,cmoppett3@ibm.com,Female,37.161.163.80
5,Felix,Rives,frives4@linkedin.com,Bigender,53.224.2.192
6,Chlo,Kollasch,ckollasch5@drupal.org,Genderfluid,71.254.40.126
7,Aida,Pexton,apexton6@si.edu,Genderfluid,206.164.33.169
8,Isaiah,Castanone,icastanone7@facebook.com,Bigender,72.118.52.139
9,Dominique,Hryskiewicz,dhryskiewicz8@woothemes.com,Genderqueer,26.122.22.203
10,Onfre,Huertas,ohuertas9@symantec.com,Male,149.203.206.4
